run_number,ticks,ms,batch_size
1,0,0,100
2,0,0,200
3,0,0,300
4,0,0,400
5,0,0,500
6,1,1,600
7,0,0,700
8,0,0,800
9,1,1,900
10,0,0,1000
11,0,0,1100
12,1,1,1200
13,1,1,1300
14,1,1,1400
15,1,1,1500
16,1,1,1600
17,1,1,1700
18,1,1,1800
19,1,1,1900
20,2,2,2000
21,1,1,2100
22,2,2,2200
23,1,1,2300
24,2,2,2400
25,2,2,2500
26,1,1,2600
27,2,2,2700
28,2,2,2800
29,2,2,2900
30,2,2,3000
31,2,2,3100
32,2,2,3200
33,2,2,3300
34,2,2,3400
35,2,2,3500
36,2,2,3600
37,2,2,3700
38,3,3,3800
39,2,2,3900
40,3,3,4000
41,3,3,4100
42,2,2,4200
43,2,2,4300
44,3,3,4400
45,3,3,4500
46,3,3,4600
47,3,3,4700
48,3,3,4800
49,3,3,4900
50,3,3,5000
51,3,3,5100
52,3,3,5200
53,3,3,5300
54,3,3,5400
55,4,4,5500
56,3,3,5600
57,3,3,5700
58,4,4,5800
59,3,3,5900
60,3,3,6000
61,3,3,6100
62,4,4,6200
63,4,4,6300
64,4,4,6400
65,4,4,6500
66,4,4,6600
67,4,4,6700
68,3,3,6800
69,4,4,6900
70,4,4,7000
71,5,5,7100
72,4,4,7200
73,4,4,7300
74,4,4,7400
75,5,5,7500
76,4,4,7600
77,4,4,7700
78,4,4,7800
79,5,5,7900
80,5,5,8000
81,5,5,8100
82,5,5,8200
83,5,5,8300
84,5,5,8400
85,5,5,8500
86,5,5,8600
87,5,5,8700
88,4,4,8800
89,5,5,8900
90,6,6,9000
91,5,5,9100
92,5,5,9200
93,6,6,9300
94,5,5,9400
95,5,5,9500
96,6,6,9600
97,6,6,9700
98,6,6,9800
99,6,6,9900
100,6,6,10000
101,6,6,10100
102,5,5,10200
103,6,6,10300
104,6,6,10400
105,6,6,10500
106,7,7,10600
107,6,6,10700
108,7,7,10800
109,7,7,10900
110,6,6,11000
111,7,7,11100
112,7,7,11200
113,7,7,11300
114,7,7,11400
115,7,7,11500
116,7,7,11600
117,7,7,11700
118,7,7,11800
119,7,7,11900
120,7,7,12000
121,7,7,12100
122,6,6,12200
123,7,7,12300
124,7,7,12400
125,7,7,12500
126,8,8,12600
127,8,8,12700
128,8,8,12800
129,8,8,12900
130,7,7,13000
131,7,7,13100
132,7,7,13200
133,8,8,13300
134,8,8,13400
135,8,8,13500
136,8,8,13600
137,9,9,13700
138,8,8,13800
139,8,8,13900
140,8,8,14000
141,8,8,14100
142,8,8,14200
143,8,8,14300
144,9,9,14400
145,8,8,14500
146,8,8,14600
147,9,9,14700
148,8,8,14800
149,8,8,14900
150,9,9,15000
151,8,8,15100
152,9,9,15200
153,9,9,15300
154,9,9,15400
155,8,8,15500
156,8,8,15600
157,9,9,15700
158,9,9,15800
159,10,10,15900
160,9,9,16000
161,9,9,16100
162,10,10,16200
163,9,9,16300
164,9,9,16400
165,10,10,16500
166,9,9,16600
167,10,10,16700
168,10,10,16800
169,10,10,16900
170,13,13,17000
171,10,10,17100
172,10,10,17200
173,10,10,17300
174,10,10,17400
175,10,10,17500
176,10,10,17600
177,10,10,17700
178,10,10,17800
179,11,11,17900
180,10,10,18000
181,10,10,18100
182,11,11,18200
183,10,10,18300
184,10,10,18400
185,11,11,18500
186,11,11,18600
187,11,11,18700
188,12,12,18800
189,11,11,18900
190,11,11,19000
191,11,11,19100
192,10,10,19200
193,11,11,19300
194,11,11,19400
195,12,12,19500
196,11,11,19600
197,11,11,19700
198,11,11,19800
199,11,11,19900
200,12,12,20000
201,12,12,20100
202,12,12,20200
203,12,12,20300
204,11,11,20400
205,11,11,20500
206,11,11,20600
207,12,12,20700
208,12,12,20800
209,12,12,20900
210,12,12,21000
211,12,12,21100
212,12,12,21200
213,12,12,21300
214,12,12,21400
215,12,12,21500
216,12,12,21600
217,13,13,21700
218,13,13,21800
219,13,13,21900
220,13,13,22000
221,14,14,22100
222,14,14,22200
223,14,14,22300
224,13,13,22400
225,13,13,22500
226,14,14,22600
227,14,14,22700
228,14,14,22800
229,14,14,22900
230,14,14,23000
231,14,14,23100
232,14,14,23200
233,13,13,23300
234,13,13,23400
235,13,13,23500
236,13,13,23600
237,13,13,23700
238,14,14,23800
239,14,14,23900
240,14,14,24000
241,14,14,24100
242,14,14,24200
243,14,14,24300
244,14,14,24400
245,14,14,24500
246,13,13,24600
247,14,14,24700
248,14,14,24800
249,14,14,24900
250,14,14,25000
251,14,14,25100
252,15,15,25200
253,14,14,25300
254,14,14,25400
255,14,14,25500
256,14,14,25600
257,15,15,25700
258,14,14,25800
259,14,14,25900
260,14,14,26000
261,15,15,26100
262,16,16,26200
263,15,15,26300
264,17,17,26400
265,15,15,26500
266,15,15,26600
267,15,15,26700
268,16,16,26800
269,15,15,26900
270,16,16,27000
271,16,16,27100
272,16,16,27200
273,17,17,27300
274,16,16,27400
275,16,16,27500
276,16,16,27600
277,17,17,27700
278,16,16,27800
279,16,16,27900
280,16,16,28000
281,16,16,28100
282,16,16,28200
283,17,17,28300
284,16,16,28400
285,16,16,28500
286,16,16,28600
287,17,17,28700
288,17,17,28800
289,17,17,28900
290,17,17,29000
291,17,17,29100
292,17,17,29200
293,17,17,29300
294,17,17,29400
295,18,18,29500
296,17,17,29600
297,16,16,29700
298,17,17,29800
299,17,17,29900
300,17,17,30000
301,17,17,30100
302,17,17,30200
303,18,18,30300
304,17,17,30400
305,17,17,30500
306,17,17,30600
307,17,17,30700
308,17,17,30800
309,17,17,30900
310,18,18,31000
311,17,17,31100
312,17,17,31200
313,18,18,31300
314,18,18,31400
315,18,18,31500
316,17,17,31600
317,18,18,31700
318,19,19,31800
319,19,19,31900
320,18,18,32000
321,19,19,32100
322,18,18,32200
323,20,20,32300
324,19,19,32400
325,19,19,32500
326,20,20,32600
327,19,19,32700
328,19,19,32800
329,20,20,32900
330,18,18,33000
331,18,18,33100
332,18,18,33200
333,19,19,33300
334,19,19,33400
335,18,18,33500
336,19,19,33600
337,19,19,33700
338,19,19,33800
339,19,19,33900
340,20,20,34000
341,19,19,34100
342,19,19,34200
343,19,19,34300
344,20,20,34400
345,20,20,34500
346,20,20,34600
347,21,21,34700
348,22,22,34800
349,22,22,34900
350,24,24,35000
351,22,22,35100
352,22,22,35200
353,21,21,35300
354,21,21,35400
355,20,20,35500
356,20,20,35600
357,21,21,35700
358,23,23,35800
359,20,20,35900
360,22,22,36000
361,21,21,36100
362,20,20,36200
363,20,20,36300
364,21,21,36400
365,21,21,36500
366,21,21,36600
367,21,21,36700
368,20,20,36800
369,21,21,36900
370,21,21,37000
371,21,21,37100
372,21,21,37200
373,21,21,37300
374,21,21,37400
375,21,21,37500
376,21,21,37600
377,22,22,37700
378,22,22,37800
379,23,23,37900
380,22,22,38000
381,22,22,38100
382,23,23,38200
383,22,22,38300
384,21,21,38400
385,22,22,38500
386,22,22,38600
387,22,22,38700
388,22,22,38800
389,23,23,38900
390,22,22,39000
391,22,22,39100
392,22,22,39200
393,23,23,39300
394,23,23,39400
395,23,23,39500
396,22,22,39600
397,22,22,39700
398,22,22,39800
399,24,24,39900
400,23,23,40000
401,23,23,40100
402,23,23,40200
403,22,22,40300
404,23,23,40400
405,23,23,40500
406,23,23,40600
407,23,23,40700
408,25,25,40800
409,24,24,40900
410,23,23,41000
411,24,24,41100
412,23,23,41200
413,24,24,41300
414,23,23,41400
415,23,23,41500
416,24,24,41600
417,25,25,41700
418,25,25,41800
419,25,25,41900
420,23,23,42000
421,24,24,42100
422,25,25,42200
423,25,25,42300
424,24,24,42400
425,24,24,42500
426,24,24,42600
427,24,24,42700
428,24,24,42800
429,25,25,42900
430,25,25,43000
431,25,25,43100
432,25,25,43200
433,25,25,43300
434,25,25,43400
435,26,26,43500
436,25,25,43600
437,25,25,43700
438,25,25,43800
439,25,25,43900
440,27,27,44000
441,27,27,44100
442,28,28,44200
443,27,27,44300
444,27,27,44400
445,27,27,44500
446,26,26,44600
447,26,26,44700
448,25,25,44800
449,25,25,44900
450,26,26,45000
451,26,26,45100
452,26,26,45200
453,26,26,45300
454,26,26,45400
455,27,27,45500
456,28,28,45600
457,26,26,45700
458,26,26,45800
459,27,27,45900
460,26,26,46000
461,27,27,46100
462,27,27,46200
463,26,26,46300
464,27,27,46400
465,27,27,46500
466,26,26,46600
467,27,27,46700
468,27,27,46800
469,34,34,46900
470,27,27,47000
471,26,26,47100
472,28,28,47200
473,27,27,47300
474,26,26,47400
475,26,26,47500
476,27,27,47600
477,28,28,47700
478,28,28,47800
479,28,28,47900
480,27,27,48000
481,28,28,48100
482,28,28,48200
483,27,27,48300
484,27,27,48400
485,28,28,48500
486,28,28,48600
487,29,29,48700
488,27,27,48800
489,28,28,48900
490,28,28,49000
491,29,29,49100
492,29,29,49200
493,30,30,49300
494,28,28,49400
495,27,27,49500
496,28,28,49600
497,29,29,49700
498,28,28,49800
499,28,28,49900
500,29,29,50000
501,28,28,50100
502,29,29,50200
503,28,28,50300
504,29,29,50400
505,29,29,50500
506,28,28,50600
507,29,29,50700
508,29,29,50800
509,29,29,50900
510,29,29,51000
511,31,31,51100
512,36,36,51200
513,29,29,51300
514,29,29,51400
515,29,29,51500
516,31,31,51600
517,33,33,51700
518,32,32,51800
519,32,32,51900
520,29,29,52000
521,29,29,52100
522,29,29,52200
523,31,31,52300
524,29,29,52400
525,31,31,52500
526,29,29,52600
527,32,32,52700
528,30,30,52800
529,30,30,52900
530,29,29,53000
531,31,31,53100
532,31,31,53200
533,32,32,53300
534,33,33,53400
535,30,30,53500
536,30,30,53600
537,31,31,53700
538,31,31,53800
539,30,30,53900
540,31,31,54000
541,31,31,54100
542,33,33,54200
543,31,31,54300
544,31,31,54400
545,30,30,54500
546,30,30,54600
547,32,32,54700
548,31,31,54800
549,32,32,54900
550,31,31,55000
551,31,31,55100
552,31,31,55200
553,31,31,55300
554,31,31,55400
555,32,32,55500
556,34,34,55600
557,32,32,55700
558,32,32,55800
559,31,31,55900
560,32,32,56000
561,32,32,56100
562,32,32,56200
563,31,31,56300
564,33,33,56400
565,34,34,56500
566,32,32,56600
567,32,32,56700
568,32,32,56800
569,34,34,56900
570,32,32,57000
571,32,32,57100
572,33,33,57200
573,34,34,57300
574,33,33,57400
575,33,33,57500
576,33,33,57600
577,33,33,57700
578,34,34,57800
579,34,34,57900
580,33,33,58000
581,33,33,58100
582,35,35,58200
583,36,36,58300
584,36,36,58400
585,35,35,58500
586,34,34,58600
587,34,34,58700
588,34,34,58800
589,33,33,58900
590,34,34,59000
591,33,33,59100
592,34,34,59200
593,33,33,59300
594,35,35,59400
595,34,34,59500
596,34,34,59600
597,34,34,59700
598,34,34,59800
599,34,34,59900
600,34,34,60000
601,35,35,60100
602,36,36,60200
603,34,34,60300
604,34,34,60400
605,34,34,60500
606,34,34,60600
607,35,35,60700
608,34,34,60800
609,35,35,60900
610,35,35,61000
611,35,35,61100
612,35,35,61200
613,35,35,61300
614,35,35,61400
615,35,35,61500
616,35,35,61600
617,35,35,61700
618,35,35,61800
619,36,36,61900
620,35,35,62000
621,35,35,62100
622,36,36,62200
623,37,37,62300
624,38,38,62400
625,36,36,62500
626,41,41,62600
627,36,36,62700
628,36,36,62800
629,36,36,62900
630,38,38,63000
631,36,36,63100
632,36,36,63200
633,35,35,63300
634,37,37,63400
635,36,36,63500
636,36,36,63600
637,36,36,63700
638,37,37,63800
639,35,35,63900
640,36,36,64000
641,37,37,64100
642,40,40,64200
643,41,41,64300
644,40,40,64400
645,38,38,64500
646,37,37,64600
647,37,37,64700
648,37,37,64800
649,37,37,64900
650,36,36,65000
651,37,37,65100
652,37,37,65200
653,38,38,65300
654,37,37,65400
655,37,37,65500
656,37,37,65600
657,38,38,65700
658,37,37,65800
659,37,37,65900
660,39,39,66000
661,38,38,66100
662,37,37,66200
663,37,37,66300
664,39,39,66400
665,38,38,66500
666,38,38,66600
667,38,38,66700
668,39,39,66800
669,39,39,66900
670,38,38,67000
671,39,39,67100
672,38,38,67200
673,38,38,67300
674,38,38,67400
675,39,39,67500
676,38,38,67600
677,38,38,67700
678,38,38,67800
679,39,39,67900
680,39,39,68000
681,40,40,68100
682,39,39,68200
683,39,39,68300
684,38,38,68400
685,38,38,68500
686,39,39,68600
687,38,38,68700
688,39,39,68800
689,39,39,68900
690,40,40,69000
691,40,40,69100
692,41,41,69200
693,40,40,69300
694,41,41,69400
695,39,39,69500
696,39,39,69600
697,42,42,69700
698,43,43,69800
699,42,42,69900
700,41,41,70000
701,40,40,70100
702,39,39,70200
703,40,40,70300
704,41,41,70400
705,40,40,70500
706,40,40,70600
707,40,40,70700
708,42,42,70800
709,40,40,70900
710,41,41,71000
711,41,41,71100
712,40,40,71200
713,40,40,71300
714,40,40,71400
715,41,41,71500
716,40,40,71600
717,40,40,71700
718,51,51,71800
719,42,42,71900
720,42,42,72000
721,43,43,72100
722,41,41,72200
723,41,41,72300
724,41,41,72400
725,42,42,72500
726,41,41,72600
727,42,42,72700
728,46,46,72800
729,41,41,72900
730,41,41,73000
731,41,41,73100
732,42,42,73200
733,42,42,73300
734,42,42,73400
735,43,43,73500
736,42,42,73600
737,42,42,73700
738,48,48,73800
739,43,43,73900
740,42,42,74000
741,42,42,74100
742,43,43,74200
743,42,42,74300
744,44,44,74400
745,43,43,74500
746,42,42,74600
747,43,43,74700
748,47,47,74800
749,46,46,74900
750,45,45,75000
751,43,43,75100
752,43,43,75200
753,42,42,75300
754,43,43,75400
755,44,44,75500
756,43,43,75600
757,43,43,75700
758,43,43,75800
759,43,43,75900
760,43,43,76000
761,44,44,76100
762,43,43,76200
763,43,43,76300
764,44,44,76400
765,43,43,76500
766,43,43,76600
767,43,43,76700
768,44,44,76800
769,43,43,76900
770,44,44,77000
771,45,45,77100
772,45,45,77200
773,44,44,77300
774,44,44,77400
775,44,44,77500
776,45,45,77600
777,44,44,77700
778,44,44,77800
779,44,44,77900
780,44,44,78000
781,44,44,78100
782,44,44,78200
783,43,43,78300
784,45,45,78400
785,44,44,78500
786,45,45,78600
787,46,46,78700
788,45,45,78800
789,44,44,78900
790,46,46,79000
791,45,45,79100
792,45,45,79200
793,47,47,79300
794,45,45,79400
795,47,47,79500
796,49,49,79600
797,49,49,79700
798,46,46,79800
799,46,46,79900
800,45,45,80000
801,45,45,80100
802,47,47,80200
803,46,46,80300
804,46,46,80400
805,46,46,80500
806,45,45,80600
807,45,45,80700
808,48,48,80800
809,46,46,80900
810,48,48,81000
811,46,46,81100
812,46,46,81200
813,45,45,81300
814,47,47,81400
815,48,48,81500
816,46,46,81600
817,49,49,81700
818,47,47,81800
819,48,48,81900
820,48,48,82000
821,46,46,82100
822,46,46,82200
823,48,48,82300
824,46,46,82400
825,47,47,82500
826,49,49,82600
827,46,46,82700
828,47,47,82800
829,48,48,82900
830,46,46,83000
831,47,47,83100
832,47,47,83200
833,47,47,83300
834,47,47,83400
835,48,48,83500
836,49,49,83600
837,48,48,83700
838,48,48,83800
839,48,48,83900
840,51,51,84000
841,51,51,84100
842,50,50,84200
843,48,48,84300
844,49,49,84400
845,48,48,84500
846,49,49,84600
847,48,48,84700
848,48,48,84800
849,49,49,84900
850,50,50,85000
851,48,48,85100
852,48,48,85200
853,48,48,85300
854,48,48,85400
855,49,49,85500
856,49,49,85600
857,48,48,85700
858,49,49,85800
859,49,49,85900
860,49,49,86000
861,49,49,86100
862,48,48,86200
863,48,48,86300
864,49,49,86400
865,48,48,86500
866,48,48,86600
867,49,49,86700
868,49,49,86800
869,50,50,86900
870,51,51,87000
871,49,49,87100
872,50,50,87200
873,50,50,87300
874,49,49,87400
875,51,51,87500
876,49,49,87600
877,49,49,87700
878,51,51,87800
879,50,50,87900
880,50,50,88000
881,52,52,88100
882,50,50,88200
883,53,53,88300
884,55,55,88400
885,52,52,88500
886,51,51,88600
887,50,50,88700
888,51,51,88800
889,50,50,88900
890,60,60,89000
891,53,53,89100
892,53,53,89200
893,54,54,89300
894,52,52,89400
895,51,51,89500
896,52,52,89600
897,52,52,89700
898,51,51,89800
899,51,51,89900
900,52,52,90000
901,51,51,90100
902,52,52,90200
903,51,51,90300
904,50,50,90400
905,51,51,90500
906,51,51,90600
907,52,52,90700
908,52,52,90800
909,51,51,90900
910,52,52,91000
911,51,51,91100
912,54,54,91200
913,52,52,91300
914,52,52,91400
915,51,51,91500
916,52,52,91600
917,54,54,91700
918,52,52,91800
919,52,52,91900
920,55,55,92000
921,60,60,92100
922,52,52,92200
923,55,55,92300
924,57,57,92400
925,56,56,92500
926,52,52,92600
927,54,54,92700
928,54,54,92800
929,53,53,92900
930,53,53,93000
931,52,52,93100
932,52,52,93200
933,53,53,93300
934,53,53,93400
935,53,53,93500
936,54,54,93600
937,54,54,93700
938,53,53,93800
939,54,54,93900
940,53,53,94000
941,53,53,94100
942,53,53,94200
943,53,53,94300
944,54,54,94400
945,53,53,94500
946,55,55,94600
947,54,54,94700
948,53,53,94800
949,54,54,94900
950,54,54,95000
951,54,54,95100
952,54,54,95200
953,59,59,95300
954,56,56,95400
955,56,56,95500
956,53,53,95600
957,54,54,95700
958,54,54,95800
959,53,53,95900
960,55,55,96000
961,54,54,96100
962,58,58,96200
963,60,60,96300
964,58,58,96400
965,54,54,96500
966,54,54,96600
967,56,56,96700
968,55,55,96800
969,56,56,96900
970,54,54,97000
971,56,56,97100
972,57,57,97200
973,55,55,97300
974,57,57,97400
975,57,57,97500
976,56,56,97600
977,56,56,97700
978,55,55,97800
979,56,56,97900
980,56,56,98000
981,56,56,98100
982,56,56,98200
983,55,55,98300
984,56,56,98400
985,55,55,98500
986,55,55,98600
987,56,56,98700
988,57,57,98800
989,61,61,98900
990,58,58,99000
991,56,56,99100
992,58,58,99200
993,57,57,99300
994,57,57,99400
995,55,55,99500
996,57,57,99600
997,57,57,99700
998,57,57,99800
999,58,58,99900
1000,60,60,100000
